date,onions,frac
18/12/2014,,0.000143
19/12/2014,,0.000125
20/12/2014,,0.000149
21/12/2014,,0.000165
22/12/2014,,0.000414
23/12/2014,,0.007836
24/12/2014,,0.008926
25/12/2014,27424,0.010682
26/12/2014,25837,0.011662
27/12/2014,27889,0.012186
28/12/2014,28650,0.012082
29/12/2014,30095,0.013342
30/12/2014,29898,0.014198
31/12/2014,28280,0.013419
01/01/2015,26878,0.013675
02/01/2015,27203,0.012752
03/01/2015,26981,0.012381
04/01/2015,29277,0.012553
05/01/2015,27976,0.013928
06/01/2015,28391,0.015879
07/01/2015,26791,0.017127
08/01/2015,29209,0.018292
09/01/2015,29289,0.018091
10/01/2015,27615,0.018397
11/01/2015,27707,0.018456
12/01/2015,28369,0.015815
13/01/2015,29114,0.016193
14/01/2015,28309,0.016078
15/01/2015,29308,0.018242
16/01/2015,27282,0.017446
17/01/2015,27340,0.018572
18/01/2015,29044,0.018541
19/01/2015,29207,0.019246
20/01/2015,31495,0.019881
21/01/2015,30378,0.020569
22/01/2015,27684,0.021048
23/01/2015,29403,0.022153
24/01/2015,27838,0.020408
25/01/2015,26494,0.019626
26/01/2015,28154,0.018379
27/01/2015,29593,0.016333
28/01/2015,,0.006301
29/01/2015,,0.006098
30/01/2015,,0.004452
31/01/2015,,0.003601
01/02/2015,,0.005027
02/02/2015,,0.007974
03/02/2015,28030,0.015136
04/02/2015,28094,0.015935
05/02/2015,27848,0.015776
06/02/2015,29696,0.015969
07/02/2015,28309,0.016772
08/02/2015,25332,0.017296
09/02/2015,27347,0.016503
10/02/2015,29797,0.017226
11/02/2015,29104,0.017182
12/02/2015,29329,0.018277
13/02/2015,28448,0.020222
14/02/2015,28110,0.018493
15/02/2015,25632,0.019697
16/02/2015,28373,0.018197
17/02/2015,26654,0.016818
18/02/2015,29268,0.019411
19/02/2015,29423,0.019388
20/02/2015,28627,0.018884
21/02/2015,29092,0.016865
22/02/2015,24964,0.01598
23/02/2015,31237,0.016349
24/02/2015,29493,0.016847
25/02/2015,30224,0.016695
26/02/2015,31235,0.016409
27/02/2015,30381,0.017234
28/02/2015,29795,0.015232
01/03/2015,27361,0.016434
02/03/2015,29964,0.017593
03/03/2015,28875,0.01792
04/03/2015,28777,0.019032
05/03/2015,31388,0.018868
06/03/2015,28052,0.019216
07/03/2015,28999,0.019466
08/03/2015,27316,0.020309
09/03/2015,27418,0.019357
10/03/2015,29244,0.02115
11/03/2015,27315,0.018166
12/03/2015,29467,0.016661
13/03/2015,28122,0.016192
14/03/2015,27762,0.016825
15/03/2015,28097,0.020386
16/03/2015,28202,0.02076
17/03/2015,28760,0.01974
18/03/2015,29886,0.020427
19/03/2015,29515,0.017423
20/03/2015,32142,0.017511
21/03/2015,30555,0.019436
22/03/2015,28779,0.021284
23/03/2015,29392,0.019665
24/03/2015,28571,0.025477
25/03/2015,27739,0.019442
26/03/2015,29781,0.019897
27/03/2015,30163,0.018633
28/03/2015,31269,0.01651
29/03/2015,30629,0.019684
30/03/2015,30886,0.019292
31/03/2015,32894,0.017907
01/04/2015,32637,0.017773
02/04/2015,31704,0.0181
03/04/2015,29977,0.017218
04/04/2015,31118,0.016741
05/04/2015,28265,0.017916
06/04/2015,30377,0.016398
07/04/2015,31329,0.016361
08/04/2015,30612,0.020104
09/04/2015,31321,0.021385
10/04/2015,29445,0.017862
11/04/2015,31329,0.019131
12/04/2015,29111,0.019994
13/04/2015,27961,0.022622
14/04/2015,30616,0.019608
15/04/2015,26644,0.017811
16/04/2015,25472,0.013931
17/04/2015,22204,0.015103
18/04/2015,26165,0.013475
19/04/2015,24465,0.013889
20/04/2015,25339,0.015081
21/04/2015,26737,0.014716
22/04/2015,,0.009173
23/04/2015,27515,0.012212
24/04/2015,26557,0.011121
25/04/2015,,0.006491
26/04/2015,,0.007074
27/04/2015,,0.007957
28/04/2015,,0.009359
29/04/2015,,0.009012
30/04/2015,23785,0.011122
01/05/2015,27563,0.015246
02/05/2015,27734,0.014031
03/05/2015,26730,0.01405
04/05/2015,27585,0.014914
05/05/2015,27142,0.015534
06/05/2015,24579,0.010505
07/05/2015,27219,0.010041
08/05/2015,,0.009723
09/05/2015,,0.009653
10/05/2015,22995,0.012847
11/05/2015,23211,0.014205
12/05/2015,25289,0.014331
13/05/2015,24585,0.012549
14/05/2015,26399,0.011212
15/05/2015,27748,0.011021
16/05/2015,27300,0.010824
17/05/2015,,0.009635
18/05/2015,27655,0.011048
19/05/2015,28108,0.011604
20/05/2015,30033,0.013624
21/05/2015,26463,0.013757
22/05/2015,26453,0.012885
23/05/2015,25726,0.014078
24/05/2015,25074,0.01366
25/05/2015,27312,0.015409
26/05/2015,32124,0.019512
27/05/2015,29482,0.021174
28/05/2015,31073,0.02427
29/05/2015,29138,0.024037
30/05/2015,29369,0.02373
31/05/2015,28483,0.01906
01/06/2015,26296,0.019401
02/06/2015,26660,0.020144
03/06/2015,28257,0.021513
04/06/2015,26953,0.022071
05/06/2015,27119,0.020932
06/06/2015,28002,0.023137
07/06/2015,27895,0.021476
08/06/2015,28688,0.020926
09/06/2015,29374,0.020535
10/06/2015,28129,0.01992
11/06/2015,28533,0.019648
12/06/2015,29409,0.011203
13/06/2015,26131,0.011733
14/06/2015,27308,0.012396
15/06/2015,27640,0.012242
16/06/2015,28399,0.018065
17/06/2015,28990,0.02287
18/06/2015,27795,0.023834
19/06/2015,28141,0.020773
20/06/2015,28436,0.018088
21/06/2015,25726,0.01873
22/06/2015,29224,0.018224
23/06/2015,27783,0.018478
24/06/2015,26830,0.012868
25/06/2015,27062,0.013047
26/06/2015,26452,0.012593
27/06/2015,21074,0.01542
28/06/2015,25809,0.017522
29/06/2015,24813,0.019988
30/06/2015,26987,0.014939
01/07/2015,27179,0.016657
02/07/2015,26638,0.015792
03/07/2015,30450,0.016146
04/07/2015,29170,0.013209
05/07/2015,27265,0.015822
06/07/2015,29447,0.013643
07/07/2015,25568,0.012134
08/07/2015,31241,0.011219
09/07/2015,28821,0.020663
10/07/2015,29038,0.023979
11/07/2015,28888,0.023135
12/07/2015,27691,0.017561
13/07/2015,30257,0.017543
14/07/2015,31848,0.015223
15/07/2015,27902,0.017759
16/07/2015,29058,0.02024
17/07/2015,26138,0.01993
18/07/2015,27335,0.017579
19/07/2015,27641,0.016879
20/07/2015,28132,0.015263
21/07/2015,27310,0.015775
22/07/2015,30038,0.01336
23/07/2015,28319,0.017638
24/07/2015,27693,0.018302
25/07/2015,29147,0.018928
26/07/2015,28680,0.019127
27/07/2015,27761,0.014812
28/07/2015,28269,0.014127
29/07/2015,29758,0.012365
30/07/2015,29019,0.012603
31/07/2015,29417,0.01278
01/08/2015,26005,0.017166
02/08/2015,27928,0.020543
03/08/2015,27880,0.022877
04/08/2015,27284,0.021545
05/08/2015,28431,0.015719
06/08/2015,28362,0.016175
07/08/2015,30106,0.015001
08/08/2015,29330,0.015696
09/08/2015,28519,0.015073
10/08/2015,27792,0.016919
11/08/2015,27167,0.01582
12/08/2015,28880,0.014709
13/08/2015,28752,0.01427
14/08/2015,29301,0.014412
15/08/2015,27262,0.015358
16/08/2015,27324,0.015398
17/08/2015,30118,0.015098
18/08/2015,30606,0.016267
19/08/2015,27506,0.01693
20/08/2015,28593,0.01621
21/08/2015,28441,0.016577
22/08/2015,28376,0.016353
23/08/2015,26582,0.015911
24/08/2015,29260,0.015582
25/08/2015,30036,0.017711
26/08/2015,30821,0.016958
27/08/2015,28854,0.017096
28/08/2015,29413,0.015196
29/08/2015,29990,0.014569
30/08/2015,30363,0.015677
31/08/2015,30047,0.014936
01/09/2015,30024,0.014423
02/09/2015,30317,0.016457
03/09/2015,30768,0.015756
04/09/2015,31502,0.015162
05/09/2015,30096,0.014631
06/09/2015,30588,0.013768
07/09/2015,27822,0.014227
08/09/2015,27950,0.0168
09/09/2015,29329,0.015867
10/09/2015,29633,0.016435
11/09/2015,31212,0.016464
12/09/2015,29209,0.017621
13/09/2015,30599,0.016524
14/09/2015,31413,0.015973
15/09/2015,30993,0.014303
16/09/2015,31378,0.014043
17/09/2015,31577,0.01567
18/09/2015,30082,0.018089
19/09/2015,32394,0.017852
20/09/2015,30222,0.018098
21/09/2015,32446,0.016767
22/09/2015,28802,0.016272
23/09/2015,30910,0.016112
24/09/2015,29425,0.016615
25/09/2015,32905,0.017342
26/09/2015,30759,0.016538
27/09/2015,29292,0.016318
28/09/2015,29165,0.016264
29/09/2015,33267,0.015095
30/09/2015,29998,0.015745
01/10/2015,30393,0.01813
02/10/2015,31267,0.021949
03/10/2015,30013,0.030663
04/10/2015,30416,0.034266
05/10/2015,30658,0.036804
06/10/2015,31837,0.044532
07/10/2015,30794,0.046229
08/10/2015,31817,0.038702
09/10/2015,31456,0.0373
10/10/2015,30082,0.038252
11/10/2015,30294,0.036769
12/10/2015,30359,0.040698
13/10/2015,31359,0.041388
14/10/2015,31372,0.039378
15/10/2015,32152,0.039049
16/10/2015,31796,0.038718
17/10/2015,30181,0.038863
18/10/2015,29628,0.038054
19/10/2015,31318,0.039299
20/10/2015,32322,0.03928
21/10/2015,31317,0.038751
22/10/2015,30586,0.040167
23/10/2015,30122,0.038898
24/10/2015,30779,0.035203
25/10/2015,30169,0.033609
26/10/2015,30315,0.034814
27/10/2015,31445,0.033795
28/10/2015,29725,0.032129
29/10/2015,30475,0.031155
30/10/2015,27575,0.032732
31/10/2015,26754,0.03428
01/11/2015,26750,0.042032
02/11/2015,27556,0.038396
03/11/2015,29254,0.04008
04/11/2015,29077,0.043686
05/11/2015,28580,0.044533
06/11/2015,27191,0.045986
07/11/2015,27321,0.042947
08/11/2015,28665,0.04288
09/11/2015,27826,0.042794
10/11/2015,28725,0.044163
11/11/2015,27550,0.043218
12/11/2015,27917,0.04405
13/11/2015,29472,0.045274
14/11/2015,29009,0.045122
15/11/2015,27763,0.048076
16/11/2015,27756,0.049342
17/11/2015,29002,0.050308
18/11/2015,28817,0.049728
19/11/2015,30221,0.048104
20/11/2015,27399,0.048549
21/11/2015,29053,0.052216
22/11/2015,28763,0.050335
23/11/2015,29591,0.048717
24/11/2015,27591,0.045648
25/11/2015,28960,0.041457
26/11/2015,32367,0.041874
27/11/2015,32265,0.062652
28/11/2015,30542,0.146119
29/11/2015,31091,0.170054
30/11/2015,31008,0.186959
01/12/2015,30207,0.196711
02/12/2015,32120,0.213782
03/12/2015,31854,0.223557
04/12/2015,32311,0.229548
05/12/2015,38917,0.224979
06/12/2015,34844,0.229863
07/12/2015,33878,0.228788
08/12/2015,34416,0.231426
09/12/2015,33461,0.242556
10/12/2015,32476,0.250017
11/12/2015,31700,0.252633
12/12/2015,31075,0.231118
13/12/2015,31994,0.22476
14/12/2015,33046,0.206692
15/12/2015,32975,0.198547
16/12/2015,34665,0.218282
17/12/2015,33202,0.252954
18/12/2015,33115,0.260138
19/12/2015,33731,0.27823
20/12/2015,34055,0.282785
21/12/2015,35113,0.290022
22/12/2015,34496,0.299542
23/12/2015,34569,0.304161
24/12/2015,34795,0.318162
25/12/2015,35122,0.323715
26/12/2015,34865,0.328798
27/12/2015,34380,0.332144
28/12/2015,35397,0.341299
29/12/2015,34916,0.34503
30/12/2015,34237,0.354164
31/12/2015,35567,0.356552
01/01/2016,34002,0.357285
02/01/2016,36855,0.366351
03/01/2016,36633,0.375372
04/01/2016,37547,0.367726
05/01/2016,37204,0.365953
06/01/2016,39208,0.366766
07/01/2016,38527,0.354528
08/01/2016,37312,0.35563
09/01/2016,36894,0.358933
10/01/2016,35933,0.366096
11/01/2016,36120,0.369664
12/01/2016,37113,0.37325
13/01/2016,36230,0.381642
14/01/2016,36042,0.379594
15/01/2016,35677,0.380023
16/01/2016,35739,0.386106
17/01/2016,36652,0.391571
18/01/2016,35162,0.390894
19/01/2016,35302,0.403778
20/01/2016,35267,0.395524
21/01/2016,35246,0.402258
22/01/2016,36498,0.404563
23/01/2016,36096,0.406701
24/01/2016,35303,0.406583
25/01/2016,35236,0.415414
26/01/2016,35718,0.421864
27/01/2016,38036,0.426757
28/01/2016,36524,0.423926
29/01/2016,38559,0.431477
30/01/2016,38331,0.429173
31/01/2016,37209,0.439
01/02/2016,37045,0.443806
02/02/2016,38377,0.444288
03/02/2016,39254,0.449925
04/02/2016,37494,0.449429
05/02/2016,38100,0.458619
06/02/2016,37252,0.453954
07/02/2016,37591,0.451177
08/02/2016,36416,0.461617
09/02/2016,36273,0.454615
10/02/2016,36669,0.457821
11/02/2016,37960,0.459739
12/02/2016,39657,0.46925
13/02/2016,40407,0.465737
14/02/2016,40707,0.463232
15/02/2016,43127,0.46299
16/02/2016,61996,0.465751
17/02/2016,64682,0.448655
18/02/2016,60381,0.443746
19/02/2016,56846,0.4489
20/02/2016,56460,0.446947
21/02/2016,54020,0.461311
22/02/2016,51314,0.484723
23/02/2016,62538,0.477295
24/02/2016,66547,0.485931
25/02/2016,80171,0.487845
26/02/2016,94134,0.485608
27/02/2016,106620,0.486523
28/02/2016,103159,0.488883
29/02/2016,104431,0.496049
01/03/2016,114418,0.486775
02/03/2016,75136,0.480238
03/03/2016,72601,0.47701
04/03/2016,72221,0.476427
05/03/2016,67262,0.46837
06/03/2016,68516,0.47621
07/03/2016,67873,0.491921
08/03/2016,68084,0.49702
09/03/2016,72064,0.502985
10/03/2016,79612,0.510647
11/03/2016,71787,0.510862
12/03/2016,67521,0.509779
13/03/2016,62777,0.512073
14/03/2016,62913,0.504911
15/03/2016,61554,0.512541
16/03/2016,61212,0.513205
17/03/2016,62085,0.516486
18/03/2016,61009,0.512899
19/03/2016,59408,0.512765
20/03/2016,59525,0.518227
21/03/2016,61802,0.521173
22/03/2016,60910,0.522711
23/03/2016,59790,0.520412
24/03/2016,60069,0.509477
25/03/2016,60309,0.524414
26/03/2016,59731,0.523504
27/03/2016,59774,0.521732
28/03/2016,61229,0.516763
29/03/2016,58853,0.532496
30/03/2016,59320,0.528016
31/03/2016,59638,0.537279
01/04/2016,59267,0.536881
02/04/2016,60151,0.536479
03/04/2016,57344,0.533072
04/04/2016,56271,0.52845
05/04/2016,55123,0.519126
06/04/2016,55156,0.527183
07/04/2016,57535,0.52234
08/04/2016,56483,0.52528
09/04/2016,55921,0.537714
10/04/2016,56932,0.530762
11/04/2016,56195,0.539469
12/04/2016,55355,0.537527
13/04/2016,57022,0.536198
14/04/2016,57269,0.539064
15/04/2016,54704,0.536392
16/04/2016,53638,0.527739
17/04/2016,54559,0.533138
18/04/2016,55777,0.529094
19/04/2016,55620,0.532818
20/04/2016,55838,0.540191
21/04/2016,54918,0.543405
22/04/2016,56053,0.536239
23/04/2016,54832,0.533128
24/04/2016,54081,0.534944
25/04/2016,56299,0.531246
26/04/2016,55051,0.537018
27/04/2016,55985,0.538202
28/04/2016,55877,0.534949
29/04/2016,55249,0.538535
30/04/2016,54331,0.549973
01/05/2016,52924,0.537315
02/05/2016,55473,0.535019
03/05/2016,55831,0.533616
04/05/2016,55876,0.529792
05/05/2016,55622,0.535359
06/05/2016,53934,0.534259
07/05/2016,55040,0.536553
08/05/2016,54201,0.535198
09/05/2016,54653,0.535902
10/05/2016,55171,0.534049
11/05/2016,54655,0.539461
12/05/2016,55417,0.548251
13/05/2016,56306,0.535812
14/05/2016,56191,0.54707
15/05/2016,54825,0.554384
16/05/2016,55092,0.553153
17/05/2016,55551,0.550022
18/05/2016,56680,0.552302
19/05/2016,55637,0.555244
20/05/2016,54726,0.561999
21/05/2016,54500,0.561047
22/05/2016,54196,0.567026
23/05/2016,53783,0.565153
24/05/2016,53631,0.561136
25/05/2016,55183,0.556637
26/05/2016,55001,0.561036
27/05/2016,54943,0.557587
28/05/2016,53392,0.564255
29/05/2016,52559,0.567218
30/05/2016,53471,0.572564
31/05/2016,55141,0.565568
01/06/2016,56436,0.569623
02/06/2016,56392,0.568491
03/06/2016,55118,0.567717
04/06/2016,53608,0.559591
05/06/2016,53905,0.55504
06/06/2016,56263,0.561211
07/06/2016,55092,0.551286
08/06/2016,54260,0.543562
09/06/2016,55063,0.537464
10/06/2016,55981,0.542731
11/06/2016,56205,0.547865
12/06/2016,56986,0.547528
13/06/2016,57568,0.546003
14/06/2016,57376,0.553539
15/06/2016,57580,0.543457
16/06/2016,57246,0.548469
17/06/2016,57923,0.554571
18/06/2016,55658,0.559933
19/06/2016,55575,0.571216
20/06/2016,58102,0.560697
21/06/2016,57018,0.57758
22/06/2016,58555,0.579684
23/06/2016,56895,0.576121
24/06/2016,54885,0.564977
25/06/2016,55143,0.563663
26/06/2016,54738,0.561401
27/06/2016,58944,0.561636
28/06/2016,58170,0.568733
29/06/2016,56075,0.566607
30/06/2016,55750,0.574351
01/07/2016,55446,0.568194
02/07/2016,56168,0.563879
03/07/2016,55809,0.580331
04/07/2016,54261,0.578647
05/07/2016,55445,0.572335
06/07/2016,56060,0.573459
07/07/2016,56471,0.572777
08/07/2016,55495,0.566813
09/07/2016,55863,0.571979
10/07/2016,55606,0.577967
11/07/2016,56152,0.574908
12/07/2016,56004,0.575122
13/07/2016,55834,0.566105
14/07/2016,54987,0.57376
15/07/2016,54892,0.578696
16/07/2016,53832,0.573405
17/07/2016,50589,0.570251
18/07/2016,51843,0.571319
19/07/2016,53828,0.573704
20/07/2016,48585,0.573792
21/07/2016,47087,0.569264
22/07/2016,51046,0.585819
23/07/2016,51749,0.587519
24/07/2016,54938,0.585674
25/07/2016,55162,0.581664
26/07/2016,54970,0.578784
27/07/2016,55821,0.580285
28/07/2016,49036,0.585431
29/07/2016,53282,0.584228
30/07/2016,56167,0.582628
31/07/2016,55950,0.577091
01/08/2016,57205,0.580579
02/08/2016,58837,0.577146
03/08/2016,53672,0.567803
04/08/2016,54223,0.544283
05/08/2016,55748,0.546332
06/08/2016,57650,0.548049
07/08/2016,55579,0.536709
08/08/2016,55231,0.543917
09/08/2016,53740,0.540204
10/08/2016,53164,0.557383
11/08/2016,53526,0.563681
12/08/2016,54311,0.568137
13/08/2016,58699,0.571184
14/08/2016,60155,0.576838
15/08/2016,57818,0.574851
16/08/2016,58582,0.572701
17/08/2016,59232,0.577161
18/08/2016,58148,0.569473
19/08/2016,59416,0.555406
20/08/2016,59360,0.561343
21/08/2016,56408,0.5562
22/08/2016,59718,0.542237
23/08/2016,60290,0.543739
24/08/2016,58995,0.56224
25/08/2016,58432,0.553341
26/08/2016,59552,0.553848
27/08/2016,61545,0.552035
28/08/2016,59625,0.549636
29/08/2016,59389,0.548565
30/08/2016,59979,0.548797
31/08/2016,57137,0.566518
01/09/2016,58367,0.567722
02/09/2016,58643,0.57488
03/09/2016,55460,0.568997
04/09/2016,54142,0.583961
05/09/2016,54726,0.565608
06/09/2016,58326,0.573431
07/09/2016,62421,0.582149
08/09/2016,60236,0.583862
09/09/2016,58538,0.586958
10/09/2016,58151,0.603187
11/09/2016,57445,0.606184
12/09/2016,57788,0.598547
13/09/2016,57062,0.601694
14/09/2016,56808,0.596657
15/09/2016,57124,0.604542
16/09/2016,56940,0.60642
17/09/2016,58366,0.614588
18/09/2016,56691,0.613877
19/09/2016,56796,0.617468
20/09/2016,56633,0.620632
21/09/2016,56268,0.622777
22/09/2016,55995,0.622355
23/09/2016,55735,0.62006
24/09/2016,55734,0.593031
25/09/2016,55298,0.581153
26/09/2016,50890,0.582387
27/09/2016,49756,0.584886
28/09/2016,53119,0.588525
29/09/2016,52581,0.604822
30/09/2016,50297,0.617622
01/10/2016,48970,0.629995
02/10/2016,49556,0.625258
03/10/2016,50273,0.622875
04/10/2016,50764,0.637262
05/10/2016,52505,0.645817
06/10/2016,52352,0.654761
07/10/2016,51994,0.658084
08/10/2016,53626,0.654224
09/10/2016,51704,0.653164
10/10/2016,53848,0.658288
11/10/2016,53782,0.662546
12/10/2016,53286,0.660805
13/10/2016,55118,0.658533
14/10/2016,53388,0.669683
15/10/2016,51456,0.668183
16/10/2016,51208,0.669991
17/10/2016,55305,0.678106
18/10/2016,59613,0.654807
19/10/2016,61211,0.63116
20/10/2016,62484,0.631069
21/10/2016,59655,0.614483
22/10/2016,59324,0.603957
23/10/2016,57133,0.630227
24/10/2016,59526,0.625173
25/10/2016,52762,0.651679
26/10/2016,53080,0.666202
27/10/2016,53287,0.675276
28/10/2016,52717,0.669067
29/10/2016,51473,0.676135
30/10/2016,52263,0.67266
31/10/2016,52605,0.68484
01/11/2016,57092,0.676017
02/11/2016,59401,0.664089
03/11/2016,59298,0.669348
04/11/2016,59369,0.677863
05/11/2016,58716,0.677366
06/11/2016,58813,0.679126
07/11/2016,59837,0.690636
08/11/2016,62681,0.678646
09/11/2016,65454,0.677318
10/11/2016,64141,0.682712
11/11/2016,62779,0.683831
12/11/2016,58013,0.681053
13/11/2016,53995,0.685392
14/11/2016,61418,0.684542
15/11/2016,61406,0.677572
16/11/2016,61452,0.68292
17/11/2016,60465,0.684771
18/11/2016,60323,0.689505
19/11/2016,61823,0.689223
20/11/2016,61862,0.695969
21/11/2016,63115,0.693772
22/11/2016,62492,0.687996
23/11/2016,62115,0.689953
24/11/2016,59333,0.68483
25/11/2016,57780,0.689089
26/11/2016,58198,0.687259
27/11/2016,57732,0.688643
28/11/2016,57599,0.680455
29/11/2016,59341,0.682693
30/11/2016,58171,0.686135
01/12/2016,56002,0.688658
02/12/2016,59071,0.697319
03/12/2016,59322,0.692669
04/12/2016,59955,0.657325
05/12/2016,61874,0.656188
06/12/2016,61947,0.647585
07/12/2016,61631,0.640477
08/12/2016,60880,0.649616
09/12/2016,60947,0.661607
10/12/2016,60733,0.656583
11/12/2016,60855,0.666981
12/12/2016,62381,0.683661
13/12/2016,63099,0.682373
14/12/2016,63297,0.67375
15/12/2016,62869,0.706289
16/12/2016,63199,0.693392
17/12/2016,63028,0.686693
18/12/2016,61564,0.681333
19/12/2016,62958,0.680115
20/12/2016,63190,0.659592
21/12/2016,62927,0.662838
22/12/2016,60774,0.669894
23/12/2016,57673,0.673002
24/12/2016,56457,0.669312
25/12/2016,47688,0.690789
26/12/2016,47098,0.686889
27/12/2016,51034,0.696942
28/12/2016,57740,0.69083
29/12/2016,58253,0.691974
30/12/2016,57787,0.693598
31/12/2016,56962,0.693392
01/01/2017,56055,0.690845
02/01/2017,56312,0.684881
03/01/2017,51340,0.689244
04/01/2017,50538,0.69773
05/01/2017,49671,0.694059
06/01/2017,48883,0.708848
07/01/2017,49784,0.698051
08/01/2017,49171,0.689883
09/01/2017,49390,0.695935
10/01/2017,55550,0.690914
11/01/2017,60689,0.691872
12/01/2017,59604,0.684611
13/01/2017,59071,0.6836
14/01/2017,61976,0.689539
15/01/2017,62643,0.677595
16/01/2017,64218,0.682382
17/01/2017,63657,0.688667
18/01/2017,63692,0.68966
19/01/2017,63738,0.685667
20/01/2017,63490,0.688797
21/01/2017,61346,0.692962
22/01/2017,61597,0.696528
23/01/2017,62668,0.685964
24/01/2017,64458,0.659919
25/01/2017,64193,0.661647
26/01/2017,62319,0.654532
27/01/2017,62624,0.653448
28/01/2017,63418,0.655437
29/01/2017,62175,0.683649
30/01/2017,62563,0.676639
31/01/2017,64103,0.692836
01/02/2017,62947,0.698437
02/02/2017,60620,0.696368
03/02/2017,60195,0.702858
04/02/2017,61139,0.705115
05/02/2017,60725,0.700187
06/02/2017,54162,0.696963
07/02/2017,52072,0.698356
08/02/2017,51935,0.705333
09/02/2017,53873,0.707162
10/02/2017,54422,0.700746
11/02/2017,53299,0.709818
12/02/2017,52725,0.715987
13/02/2017,52171,0.710522
14/02/2017,53649,0.713329
15/02/2017,53458,0.710361
16/02/2017,53381,0.710102
17/02/2017,53705,0.710608
18/02/2017,53068,0.711945
19/02/2017,52007,0.709905
20/02/2017,52723,0.711245
21/02/2017,51812,0.720045
22/02/2017,52227,0.715415
23/02/2017,52440,0.698776
24/02/2017,52984,0.698198
25/02/2017,53332,0.701705
26/02/2017,53099,0.705149
27/02/2017,53819,0.701587
28/02/2017,55283,0.708149
01/03/2017,53741,0.708801
02/03/2017,53382,0.708738
03/03/2017,53315,0.715797
04/03/2017,53862,0.709318
05/03/2017,54668,0.695804
06/03/2017,55374,0.691203
07/03/2017,54094,0.689161
08/03/2017,53728,0.681543
09/03/2017,53716,0.684037
10/03/2017,54319,0.695541
11/03/2017,53197,0.692006
12/03/2017,54188,0.699821
13/03/2017,53512,0.709428
14/03/2017,53041,0.71382
15/03/2017,53622,0.711659
16/03/2017,52995,0.721261
17/03/2017,54868,0.726715
18/03/2017,124958,0.723223
19/03/2017,92690,0.727734
20/03/2017,55043,0.722569
21/03/2017,54788,0.727624
22/03/2017,62412,0.733755
23/03/2017,52113,0.735763
24/03/2017,52088,0.731792
25/03/2017,54578,0.735146
26/03/2017,87028,0.736126
27/03/2017,57408,0.737561
28/03/2017,52891,0.732155
29/03/2017,53638,0.734309
30/03/2017,52770,0.737395
31/03/2017,53059,0.734854
01/04/2017,53645,0.743921
02/04/2017,54957,0.743371
03/04/2017,55651,0.736142
04/04/2017,57140,0.748111
05/04/2017,58392,0.744339
06/04/2017,57780,0.744325
07/04/2017,56919,0.749449
08/04/2017,55985,0.748091
09/04/2017,56883,0.743294
10/04/2017,56150,0.747543
11/04/2017,69260,0.746653
12/04/2017,65218,0.753641
13/04/2017,66636,0.748254
14/04/2017,55155,0.754959
15/04/2017,58674,0.756646
16/04/2017,60509,0.750934
17/04/2017,61986,0.746665
18/04/2017,63341,0.753539
19/04/2017,63692,0.752591
20/04/2017,56946,0.74917
21/04/2017,52769,0.75363
22/04/2017,52901,0.749508
23/04/2017,53106,0.746661
24/04/2017,53309,0.742107
25/04/2017,54844,0.735422
26/04/2017,53610,0.738382
27/04/2017,52562,0.738123
28/04/2017,52775,0.739246
29/04/2017,53615,0.74802
30/04/2017,52184,0.74835
01/05/2017,52253,0.74669
02/05/2017,54277,0.746241
03/05/2017,53344,0.746934
04/05/2017,52886,0.745112
05/05/2017,52071,0.744251
06/05/2017,51068,0.74605
07/05/2017,50643,0.733816
08/05/2017,50983,0.744611
09/05/2017,51507,0.746862
10/05/2017,51179,0.744098
11/05/2017,51025,0.734977
12/05/2017,50784,0.746202
13/05/2017,51365,0.74403
14/05/2017,49811,0.7431
15/05/2017,50512,0.742735
16/05/2017,52393,0.737934
17/05/2017,54780,0.751704
18/05/2017,59740,0.7359
19/05/2017,60313,0.744761
20/05/2017,60445,0.735335
21/05/2017,60072,0.740254
22/05/2017,59476,0.75377
23/05/2017,60678,0.755264
24/05/2017,60648,0.777879
25/05/2017,59255,0.749668
26/05/2017,59063,0.751664
27/05/2017,58261,0.747746
28/05/2017,58263,0.75043
29/05/2017,58140,0.748031
30/05/2017,59437,0.744589
31/05/2017,58998,0.748877
01/06/2017,59019,0.749605
02/06/2017,58077,0.746847
03/06/2017,58826,0.764798
04/06/2017,58872,0.765371
05/06/2017,58940,0.758178
06/06/2017,58414,0.751066
07/06/2017,58137,0.744667
08/06/2017,57935,0.749789
09/06/2017,58491,0.743327
10/06/2017,58418,0.74399
11/06/2017,58427,0.724586
12/06/2017,58442,0.749138
13/06/2017,58055,0.753246
14/06/2017,55109,0.755284
15/06/2017,55334,0.730033
16/06/2017,55716,0.749057
17/06/2017,55120,0.747916
18/06/2017,55909,0.742548
19/06/2017,54816,0.742818
20/06/2017,55963,0.736392
21/06/2017,55207,0.746662
22/06/2017,55653,0.750358
23/06/2017,56355,0.760585
24/06/2017,55397,0.765129
25/06/2017,55619,0.774619
26/06/2017,55542,0.757768
27/06/2017,54761,0.781686
28/06/2017,53662,0.778805
29/06/2017,53770,0.782998
30/06/2017,53253,0.775128
01/07/2017,52036,0.786309
02/07/2017,52047,0.783817
03/07/2017,52890,0.770186
04/07/2017,52136,0.781417
05/07/2017,53304,0.79131
06/07/2017,52455,0.791993
07/07/2017,52182,0.782704
08/07/2017,52722,0.806889
09/07/2017,53171,0.804
10/07/2017,53457,0.806588
11/07/2017,54374,0.830561
12/07/2017,54054,0.814479
13/07/2017,54237,0.809606
14/07/2017,54625,0.813533
15/07/2017,55066,0.821971
16/07/2017,54785,0.820774
17/07/2017,55407,0.816615
18/07/2017,55188,0.824223
19/07/2017,54597,0.82574
20/07/2017,55909,0.825837
21/07/2017,56359,0.827426
22/07/2017,57487,0.829398
23/07/2017,56863,0.810811
24/07/2017,57612,0.8174
25/07/2017,58317,0.812079
26/07/2017,57656,0.819464
27/07/2017,56963,0.816207
28/07/2017,57004,0.822132
29/07/2017,56682,0.825092
30/07/2017,55238,0.8245
31/07/2017,57010,0.821907
01/08/2017,56062,0.825125
02/08/2017,56062,0.827038
03/08/2017,55901,0.814164
04/08/2017,55861,0.815283
05/08/2017,50585,0.82099
06/08/2017,46907,0.832992
07/08/2017,45725,0.828605
08/08/2017,45834,0.825007
09/08/2017,46445,0.830645
10/08/2017,47125,0.845337
11/08/2017,47996,0.827569
12/08/2017,47339,0.820161
13/08/2017,47072,0.824574
14/08/2017,47868,0.816153
15/08/2017,48329,0.817539
16/08/2017,48711,0.846506
17/08/2017,48361,0.811375
18/08/2017,47959,0.813444
19/08/2017,48856,0.838714
20/08/2017,48366,0.837512
21/08/2017,48199,0.825615
22/08/2017,48711,0.837974
23/08/2017,48345,0.838411
24/08/2017,48027,0.832217
25/08/2017,47026,0.829852
26/08/2017,47380,0.833387
27/08/2017,47748,0.833771
28/08/2017,49356,0.833201
29/08/2017,51023,0.838081
30/08/2017,50197,0.841369
31/08/2017,50063,0.829316
01/09/2017,50278,0.837583
02/09/2017,49758,0.832189
03/09/2017,48566,0.836166
04/09/2017,48934,0.830951
05/09/2017,49447,0.839273
06/09/2017,50640,0.846083
07/09/2017,49788,0.840949
08/09/2017,48947,0.841408
09/09/2017,48795,0.848191
10/09/2017,49101,0.847414
11/09/2017,48365,0.852155
12/09/2017,48642,0.852179
13/09/2017,49241,0.84269
14/09/2017,49703,0.844786
15/09/2017,48889,0.846355
16/09/2017,48024,0.851639
17/09/2017,47983,0.849489
18/09/2017,48300,0.85112
19/09/2017,48677,0.841129
20/09/2017,48576,0.842063
21/09/2017,50667,0.824354
22/09/2017,49363,0.833007
23/09/2017,48662,0.846624
24/09/2017,48528,0.84497
25/09/2017,48991,0.837255
26/09/2017,49703,0.840287
27/09/2017,51303,0.861826
28/09/2017,50904,0.863499
29/09/2017,49879,0.862004
30/09/2017,49336,0.855815
01/10/2017,49295,0.856466
02/10/2017,49312,0.874617
03/10/2017,50695,0.848907
04/10/2017,50165,0.848402
05/10/2017,49576,0.849763
06/10/2017,50029,0.849941
07/10/2017,49422,0.845867
08/10/2017,49329,0.853255
09/10/2017,49263,0.889339
10/10/2017,50356,0.847948
11/10/2017,51515,0.851494
12/10/2017,49887,0.848517
13/10/2017,49317,0.84823
14/10/2017,50275,0.854763
15/10/2017,49823,0.862832
16/10/2017,50795,0.851852
17/10/2017,51764,0.842369
18/10/2017,52985,0.848549
19/10/2017,53263,0.853941
20/10/2017,52603,0.857482
21/10/2017,50453,0.840559
22/10/2017,51338,0.84039
23/10/2017,52357,0.837489
24/10/2017,52119,0.840523
25/10/2017,52297,0.836535
26/10/2017,52242,0.843496
27/10/2017,51223,0.845182
28/10/2017,50877,0.844174
29/10/2017,50782,0.848655
30/10/2017,52273,0.842524
31/10/2017,52019,0.839723
01/11/2017,53105,0.847013
02/11/2017,52393,0.867479
03/11/2017,51603,0.852003
04/11/2017,51360,0.843562
05/11/2017,51981,0.856561
06/11/2017,51665,0.849964
07/11/2017,52688,0.843064
08/11/2017,52369,0.852169
09/11/2017,52404,0.850424
10/11/2017,51939,0.856785
11/11/2017,51434,0.859902
12/11/2017,52293,0.870855
13/11/2017,53128,0.863651
14/11/2017,53878,0.874337
15/11/2017,53782,0.875219
16/11/2017,54170,0.855266
17/11/2017,54444,0.873498
18/11/2017,52926,0.866419
19/11/2017,52452,0.865184
20/11/2017,53410,0.86676
21/11/2017,54182,0.8493
22/11/2017,53978,0.854458
23/11/2017,53063,0.862935
24/11/2017,53374,0.870036
25/11/2017,53251,0.874244
26/11/2017,52604,0.875901
27/11/2017,52915,0.877095
28/11/2017,53337,0.868192
29/11/2017,53475,0.862104
30/11/2017,55048,0.869815
01/12/2017,54963,0.870541
02/12/2017,54658,0.847794
03/12/2017,55021,0.857374
04/12/2017,55790,0.837632
05/12/2017,55900,0.863487
06/12/2017,55722,0.864745
07/12/2017,57409,0.862239
08/12/2017,57151,0.858024
09/12/2017,57090,0.859304
10/12/2017,56380,0.858439
11/12/2017,57059,0.856502
12/12/2017,57589,0.856391
13/12/2017,57657,0.846677
14/12/2017,58139,0.844293
15/12/2017,58002,0.829877
16/12/2017,58433,0.851716
17/12/2017,58400,0.841238
18/12/2017,60108,0.883533
19/12/2017,60642,0.89471
20/12/2017,61835,0.887618
21/12/2017,62329,0.876684
22/12/2017,61277,0.859875
23/12/2017,63512,0.889395
24/12/2017,60715,0.889022
25/12/2017,59905,0.879104
26/12/2017,60954,0.900356
27/12/2017,62356,0.904337
28/12/2017,61296,0.891894
29/12/2017,60618,0.893628
30/12/2017,60732,0.90111
31/12/2017,60938,0.906534
01/01/2018,59996,0.907787
02/01/2018,61770,0.885751
03/01/2018,63801,0.897776
04/01/2018,64826,0.920981
05/01/2018,64166,0.875329
06/01/2018,64325,0.892047
07/01/2018,64348,0.866168
08/01/2018,66141,0.856427
09/01/2018,66836,0.857996
10/01/2018,66738,0.868119
11/01/2018,62040,0.87435
12/01/2018,62683,0.888702
13/01/2018,61612,0.886667
14/01/2018,60185,0.899241
15/01/2018,62762,0.881844
16/01/2018,64749,0.855517
17/01/2018,66386,0.859595
18/01/2018,66504,0.895041
19/01/2018,67624,0.891218
20/01/2018,67931,0.869518
21/01/2018,68613,0.880023
22/01/2018,69434,0.892282
23/01/2018,69808,0.881515
24/01/2018,70194,0.870692
25/01/2018,70153,0.898464
26/01/2018,69571,0.896463
27/01/2018,69285,0.860492
28/01/2018,68862,0.892632
29/01/2018,69637,0.901929
30/01/2018,69678,0.883553
31/01/2018,69575,0.902308
01/02/2018,68431,0.899344
02/02/2018,67355,0.903833
03/02/2018,66628,0.910078
04/02/2018,65812,0.906625
05/02/2018,65356,0.900083
06/02/2018,65405,0.902907
07/02/2018,65812,0.897286
08/02/2018,65226,0.904924
09/02/2018,65593,0.906008
10/02/2018,66038,0.894767
11/02/2018,65581,0.90909
12/02/2018,66445,0.887088
13/02/2018,67503,0.903929
14/02/2018,66574,0.905095
15/02/2018,65550,0.88457
16/02/2018,65174,0.894546
17/02/2018,67380,0.891295
18/02/2018,67348,0.894851
19/02/2018,68477,0.900434
20/02/2018,67777,0.901862
21/02/2018,67555,0.892172
22/02/2018,68480,0.906333
23/02/2018,67637,0.895173
24/02/2018,67715,0.902811
25/02/2018,67108,0.894148
26/02/2018,69210,0.905592
27/02/2018,71354,0.870456
28/02/2018,72335,0.889259
01/03/2018,70090,0.88653
02/03/2018,68836,0.900098
03/03/2018,67789,0.903256
04/03/2018,68757,0.9077
05/03/2018,69125,0.875431
06/03/2018,70310,0.87622
07/03/2018,68922,0.912589
08/03/2018,67999,0.882174
09/03/2018,67065,0.888428
10/03/2018,68673,0.889329
11/03/2018,68577,0.891943
12/03/2018,69155,0.886914
13/03/2018,67993,0.893448
14/03/2018,68691,0.886297
15/03/2018,67155,0.880152
16/03/2018,67023,0.880395
17/03/2018,67543,0.896034
18/03/2018,66330,0.893519
19/03/2018,66006,0.887658
20/03/2018,66251,0.887937
21/03/2018,65431,0.892772
22/03/2018,65680,0.891565
23/03/2018,67458,0.892344
24/03/2018,68442,0.88073
25/03/2018,67719,0.873465
26/03/2018,68096,0.89261
27/03/2018,69414,0.884914
28/03/2018,69221,0.886647
29/03/2018,69183,0.887771
30/03/2018,67880,0.892086
31/03/2018,66079,0.912843
01/04/2018,68191,0.90039
02/04/2018,68655,0.890624
03/04/2018,68063,0.890234
04/04/2018,66842,0.892046
05/04/2018,67919,0.901344
06/04/2018,69418,0.889147
07/04/2018,67831,0.877919
08/04/2018,65815,0.885386
09/04/2018,66290,0.885941
10/04/2018,68052,0.889506
11/04/2018,68388,0.884658
12/04/2018,68003,0.889899
13/04/2018,67296,0.894981
14/04/2018,68263,0.891442
15/04/2018,66544,0.894209
16/04/2018,66546,0.885115
17/04/2018,67473,0.888375
18/04/2018,68704,0.883395
19/04/2018,68570,0.889214
20/04/2018,69053,0.885526
21/04/2018,78735,0.893906
22/04/2018,79601,0.893099
23/04/2018,78780,0.889844
24/04/2018,70194,0.886092
25/04/2018,87106,0.886868
26/04/2018,113561,0.887996
27/04/2018,117478,0.893555
28/04/2018,118700,0.889985
29/04/2018,118007,0.879311
30/04/2018,118580,0.886476
01/05/2018,118463,0.882468
02/05/2018,119437,0.881642
03/05/2018,120052,0.871669
04/05/2018,119874,0.880768
05/05/2018,121078,0.884766
06/05/2018,118732,0.890139
07/05/2018,118682,0.88901
08/05/2018,119148,0.894393
09/05/2018,89249,0.894672
10/05/2018,77562,0.881943
11/05/2018,107117,0.885936
12/05/2018,119794,0.88302
13/05/2018,120063,0.883921
14/05/2018,116359,0.899009
15/05/2018,113810,0.902979
16/05/2018,112543,0.899476
17/05/2018,111526,0.884149
18/05/2018,112102,0.900475
19/05/2018,110998,0.903684
20/05/2018,109959,0.899762
21/05/2018,111163,0.901794
22/05/2018,111868,0.903529
23/05/2018,111844,0.892661
24/05/2018,111754,0.876005
25/05/2018,111722,0.893907
26/05/2018,109353,0.897044
27/05/2018,108566,0.895755
28/05/2018,110249,0.899886
29/05/2018,110123,0.905731
30/05/2018,109489,0.916877
31/05/2018,108999,0.905381
01/06/2018,109371,0.918264
02/06/2018,108078,0.911092
03/06/2018,107782,0.9053
04/06/2018,108714,0.913056
05/06/2018,109719,0.906842
06/06/2018,108831,0.90885
07/06/2018,107829,0.910535
08/06/2018,107656,0.917709
09/06/2018,108128,0.916548
10/06/2018,107517,0.915828
11/06/2018,107883,0.916527
12/06/2018,108793,0.908847
13/06/2018,110468,0.894638
14/06/2018,108550,0.892762
15/06/2018,108359,0.899364
16/06/2018,108637,0.918162
17/06/2018,106777,0.908085
18/06/2018,107314,0.888768
19/06/2018,108455,0.917413
20/06/2018,108482,0.905383
21/06/2018,108511,0.908101
22/06/2018,107171,0.921456
23/06/2018,106609,0.910814
24/06/2018,106310,0.910103
25/06/2018,106721,0.905445
26/06/2018,107102,0.905208
27/06/2018,107355,0.909009
28/06/2018,108079,0.903171
29/06/2018,107167,0.906959
30/06/2018,106749,0.90798
01/07/2018,105069,0.903987
02/07/2018,88664,0.903094
03/07/2018,73717,0.907755
04/07/2018,73209,0.893003
05/07/2018,73305,0.902779
06/07/2018,75648,0.900737
07/07/2018,76875,0.900662
08/07/2018,70751,0.902728
09/07/2018,70246,0.910979
10/07/2018,70678,0.906718
11/07/2018,71433,0.879175
12/07/2018,71043,0.898081
13/07/2018,70146,0.898489
14/07/2018,70685,0.906163
15/07/2018,70640,0.899586
16/07/2018,69444,0.897068
17/07/2018,70661,0.89711
18/07/2018,69888,0.897625
19/07/2018,68693,0.912365
20/07/2018,91924,0.908884
21/07/2018,98684,0.904293
22/07/2018,99737,0.916082
23/07/2018,98060,0.900792
24/07/2018,99693,0.896732
25/07/2018,97174,0.901635
26/07/2018,97832,0.905871
27/07/2018,97031,0.910149
28/07/2018,96576,0.89943
29/07/2018,96520,0.907221
30/07/2018,96853,0.901846
31/07/2018,97257,0.900351
01/08/2018,97263,0.909593
02/08/2018,97767,0.906445
03/08/2018,99532,0.913161
04/08/2018,98843,0.940135
05/08/2018,98719,0.953885
06/08/2018,97427,0.914804
07/08/2018,97252,0.901983
08/08/2018,98596,0.898456
09/08/2018,99210,0.901629
10/08/2018,104819,0.908651
11/08/2018,107490,0.909194
12/08/2018,108205,0.913554
13/08/2018,103399,0.904041
14/08/2018,103799,0.910401
15/08/2018,104682,0.90864
16/08/2018,106201,0.908566
17/08/2018,104842,0.915278
18/08/2018,103090,0.917728
19/08/2018,100592,0.92037
20/08/2018,100274,0.906493
21/08/2018,103746,0.905295
22/08/2018,99532,0.90499
23/08/2018,103911,0.911508
24/08/2018,106145,0.910198
25/08/2018,108851,0.905254
26/08/2018,108317,0.911848
27/08/2018,108401,0.895464
28/08/2018,111805,0.916702
29/08/2018,109978,0.919924
30/08/2018,109944,0.913861
31/08/2018,106032,0.910879
01/09/2018,104257,0.919396
02/09/2018,101674,0.920719
03/09/2018,102013,0.935616
04/09/2018,101484,0.927648
05/09/2018,102404,0.923398
06/09/2018,103158,0.926938
07/09/2018,101773,0.926595
08/09/2018,102081,0.932956
09/09/2018,102196,0.926909
10/09/2018,101868,0.922653
11/09/2018,102004,0.918821
12/09/2018,103512,0.918583
13/09/2018,102789,0.901752
14/09/2018,103723,0.912513
15/09/2018,102559,0.915266
16/09/2018,102025,0.906281
17/09/2018,104691,0.91114
18/09/2018,105441,0.926759
19/09/2018,104782,0.928962
20/09/2018,105449,0.920601
21/09/2018,107172,0.916395
22/09/2018,108657,0.920819
23/09/2018,108424,0.920389
24/09/2018,108166,0.922212
25/09/2018,109126,0.929935
26/09/2018,108991,0.930615
27/09/2018,108806,0.92745
28/09/2018,107975,0.91668
29/09/2018,107950,0.912335
30/09/2018,106634,0.923736
01/10/2018,108710,0.921921
02/10/2018,109610,0.918121
03/10/2018,109116,0.918548
04/10/2018,108006,0.929858
05/10/2018,108384,0.908896
06/10/2018,107971,0.848237
07/10/2018,104202,0.911968
08/10/2018,103450,0.926497
09/10/2018,104889,0.919504
10/10/2018,105714,0.920407
11/10/2018,103231,0.922758
12/10/2018,101875,0.904237
13/10/2018,101986,0.928189
14/10/2018,103318,0.932143
15/10/2018,103039,0.927826
16/10/2018,100181,0.936607
17/10/2018,107081,0.926552
18/10/2018,108606,0.924777
19/10/2018,109388,0.930144
20/10/2018,93085,0.92513
21/10/2018,80347,0.936048
22/10/2018,81009,0.930572
23/10/2018,83572,0.927845
24/10/2018,98289,0.927196
25/10/2018,110461,0.92544
26/10/2018,109820,0.93305
27/10/2018,112493,0.934205
28/10/2018,109481,0.933522
29/10/2018,110870,0.924358
30/10/2018,110632,0.942075
31/10/2018,112144,0.931823
01/11/2018,111614,0.932106
02/11/2018,110747,0.936618
03/11/2018,110479,0.921457
04/11/2018,109915,0.897588
05/11/2018,110470,0.90984
06/11/2018,110713,0.907513
07/11/2018,109695,0.906833
08/11/2018,110128,0.91179
09/11/2018,110228,0.918706
10/11/2018,110792,0.92651
11/11/2018,108127,0.922983
12/11/2018,107881,0.933646
13/11/2018,110587,0.924226
14/11/2018,114399,0.925007
15/11/2018,112628,0.932784
16/11/2018,109255,0.936689
17/11/2018,102613,0.918257
18/11/2018,104646,0.93074
19/11/2018,107979,0.929591
20/11/2018,107833,0.925705
21/11/2018,107104,0.925988
22/11/2018,109045,0.934098
23/11/2018,111673,0.933427
24/11/2018,107054,0.923481
25/11/2018,107118,0.93493
26/11/2018,105808,0.929274
27/11/2018,106787,0.924127
28/11/2018,107230,0.931453
29/11/2018,104983,0.92729
30/11/2018,104601,0.936967
01/12/2018,103918,0.930939
02/12/2018,101490,0.93232
03/12/2018,101685,0.924206
04/12/2018,104252,0.925563
05/12/2018,101533,0.51163
06/12/2018,97716,0.9087
07/12/2018,98213,0.938943
08/12/2018,97270,0.935555
09/12/2018,94756,0.931467
10/12/2018,95264,0.931323
11/12/2018,102709,0.929274
12/12/2018,98903,0.923659
13/12/2018,98057,0.931515
14/12/2018,99972,0.936567
15/12/2018,103661,0.936906
16/12/2018,104247,0.93108
17/12/2018,105781,0.930414
18/12/2018,108745,0.926431
19/12/2018,106377,0.932404
20/12/2018,106479,0.932116
21/12/2018,105760,0.936513
22/12/2018,104094,0.929836
23/12/2018,108434,0.930918
24/12/2018,106811,0.932597
25/12/2018,108576,0.935289
26/12/2018,106757,0.936281
27/12/2018,108571,0.940252
28/12/2018,108678,0.933953
29/12/2018,116382,0.937369
30/12/2018,118635,0.941873
31/12/2018,107012,0.93808
01/01/2019,106130,0.938973
02/01/2019,107470,0.940886
03/01/2019,108510,0.940019
04/01/2019,108383,0.93695
05/01/2019,108512,0.931377
06/01/2019,106793,0.936877
07/01/2019,107915,0.949436
08/01/2019,106127,0.944894
09/01/2019,106719,0.932341
10/01/2019,110280,0.920613
11/01/2019,108864,0.924884
12/01/2019,107603,0.924804
13/01/2019,107986,0.933512
14/01/2019,108487,0.927245
15/01/2019,108827,0.931286
16/01/2019,111075,0.93328
17/01/2019,109289,0.942905
18/01/2019,109967,0.940954
19/01/2019,107913,0.934247
20/01/2019,106058,0.937598
21/01/2019,107033,0.941472
22/01/2019,106852,0.949507
23/01/2019,109186,0.935045
24/01/2019,108675,0.94477
25/01/2019,108477,0.945367
26/01/2019,105988,0.952261
27/01/2019,105832,0.949532
28/01/2019,105818,0.952555
29/01/2019,105132,0.948265
30/01/2019,105174,0.942455
31/01/2019,107898,0.945313
01/02/2019,107039,0.937504
02/02/2019,107043,0.946851
03/02/2019,106004,0.951409
04/02/2019,110689,0.952129
05/02/2019,112802,0.849676
06/02/2019,110198,0.384201
07/02/2019,110171,0.904036
08/02/2019,111841,0.952957
09/02/2019,111337,0.960877
10/02/2019,106699,0.95256
11/02/2019,106569,0.944212
12/02/2019,106380,0.943424
13/02/2019,106823,0.948899
14/02/2019,106851,0.954547
15/02/2019,105065,0.950182
16/02/2019,107272,0.942986
17/02/2019,106909,0.949407
18/02/2019,108941,0.949751
19/02/2019,106010,0.948054
20/02/2019,108876,0.958848
21/02/2019,109034,0.944142
22/02/2019,110464,0.939068
23/02/2019,108876,0.934834
24/02/2019,108502,0.934919
25/02/2019,108706,0.932279
26/02/2019,110583,0.9417
27/02/2019,110910,0.941093
28/02/2019,109856,0.945972
01/03/2019,110007,0.949655
02/03/2019,106079,0.941728
03/03/2019,105403,0.949855
04/03/2019,105421,0.947214
05/03/2019,105940,0.947692
06/03/2019,108209,0.943171
07/03/2019,106649,0.950787
08/03/2019,107512,0.948881
09/03/2019,106787,0.943619
10/03/2019,106323,0.950411
11/03/2019,106137,0.951222
12/03/2019,106701,0.955423
13/03/2019,106191,0.95003
14/03/2019,105903,0.952374
15/03/2019,106377,0.956259
16/03/2019,107057,0.958697
17/03/2019,106902,0.94567
18/03/2019,104937,0.956584
19/03/2019,106547,0.945966
20/03/2019,106330,0.950894
21/03/2019,106738,0.948561
22/03/2019,108419,0.958673
23/03/2019,104875,0.952713
24/03/2019,105383,0.955458
25/03/2019,106067,0.952021
26/03/2019,108035,0.942846
27/03/2019,109274,0.962324
28/03/2019,108931,0.957836
29/03/2019,108483,0.94938
30/03/2019,108091,0.937023
31/03/2019,107279,0.957372
01/04/2019,105269,0.955816
02/04/2019,104175,0.95703
03/04/2019,102755,0.951645
04/04/2019,101736,0.95067
05/04/2019,98835,0.95381
06/04/2019,99354,0.95245
07/04/2019,99595,0.945621
08/04/2019,104318,0.94995
09/04/2019,106281,0.954129
10/04/2019,101983,0.950606
11/04/2019,102430,0.963222
12/04/2019,103064,0.958591
13/04/2019,105187,0.957637
14/04/2019,101503,0.958923
15/04/2019,102543,0.961524
16/04/2019,102334,0.952289
17/04/2019,102270,0.956744
18/04/2019,101295,0.960557
19/04/2019,101991,0.958236
20/04/2019,101328,0.9576
21/04/2019,101470,0.961647
22/04/2019,100916,0.960781
23/04/2019,102069,0.961654
24/04/2019,102801,0.957252
25/04/2019,102974,0.950703
26/04/2019,102662,0.956806
27/04/2019,103107,0.958726
28/04/2019,101489,0.951498
29/04/2019,102210,0.958874
30/04/2019,103165,0.961414
01/05/2019,99420,0.95665
02/05/2019,90951,0.959275
03/05/2019,69028,0.958886
04/05/2019,68397,0.95197
05/05/2019,68329,0.96024
06/05/2019,69040,0.963754
07/05/2019,69199,0.953082
08/05/2019,69323,0.958593
09/05/2019,69113,0.960138
10/05/2019,67996,0.961998
11/05/2019,69163,0.959597
12/05/2019,68162,0.961139
13/05/2019,68471,0.956743
14/05/2019,68409,0.947503
15/05/2019,68077,0.943471
16/05/2019,68532,0.941279
17/05/2019,68414,0.949605
18/05/2019,68594,0.957941
19/05/2019,69975,0.956157
20/05/2019,72490,0.968963
21/05/2019,73449,0.96141
22/05/2019,70913,0.962738
23/05/2019,70643,0.965387
24/05/2019,70120,0.964061
25/05/2019,70174,0.959271
26/05/2019,69310,0.960106
27/05/2019,70422,0.965289
28/05/2019,71417,0.965051
29/05/2019,70053,0.960207
30/05/2019,69837,0.953045
31/05/2019,69882,0.952604
01/06/2019,70501,0.956656
02/06/2019,70419,0.963003
03/06/2019,71806,0.956417
04/06/2019,72714,0.961368
05/06/2019,74237,0.954199
06/06/2019,73269,0.94932
07/06/2019,73395,0.955028
08/06/2019,71832,0.959396
09/06/2019,71555,0.952407
10/06/2019,73119,0.953752
11/06/2019,73045,0.952957
12/06/2019,74116,0.949313
13/06/2019,72131,0.953978
14/06/2019,72204,0.953151
15/06/2019,72199,0.945376
16/06/2019,70561,0.956364
17/06/2019,70206,0.955832
18/06/2019,72030,0.958804
19/06/2019,72167,0.948197
20/06/2019,71639,0.957666
21/06/2019,85577,0.956262
22/06/2019,88048,0.950688
23/06/2019,77591,0.954408
24/06/2019,72032,0.950734
25/06/2019,73474,0.959995
26/06/2019,73454,0.973615
27/06/2019,71511,0.954338
28/06/2019,70805,0.955723
29/06/2019,70483,0.960178
30/06/2019,70883,0.959358
01/07/2019,74012,0.964535
02/07/2019,71173,0.946119
03/07/2019,72130,0.951336
04/07/2019,72212,0.964765
05/07/2019,71508,0.962995
06/07/2019,72019,0.964429
07/07/2019,72090,0.965036
08/07/2019,71914,0.959975
09/07/2019,72151,0.963688
10/07/2019,72754,0.978797
11/07/2019,72672,0.970997
12/07/2019,72538,0.962674
13/07/2019,71721,0.963722
14/07/2019,70601,0.970534
15/07/2019,71368,0.960525
16/07/2019,72211,0.947083
17/07/2019,74336,0.943039
18/07/2019,70740,0.958355
19/07/2019,73307,0.955824
20/07/2019,72527,0.946813
21/07/2019,70184,0.956132
22/07/2019,70459,0.95622
23/07/2019,70616,0.960734
24/07/2019,69703,0.961372
25/07/2019,71587,0.953795
26/07/2019,70073,0.930526
27/07/2019,70146,0.958834
28/07/2019,69704,0.9588
29/07/2019,71295,0.970949
30/07/2019,70644,0.960692
31/07/2019,72198,0.963191
01/08/2019,72630,0.962554
02/08/2019,73740,0.960534
03/08/2019,75423,0.965299
04/08/2019,73594,0.965229
05/08/2019,75940,0.959158
06/08/2019,78700,0.966842
07/08/2019,88242,0.961678
08/08/2019,87720,0.96566
09/08/2019,87607,0.956356
10/08/2019,86213,0.96543
11/08/2019,85770,0.963309
12/08/2019,83953,0.96913
13/08/2019,83276,0.966198
14/08/2019,80904,0.986387
15/08/2019,78896,0.97134
16/08/2019,77148,0.931043
17/08/2019,75872,0.959488
18/08/2019,75351,0.945121
19/08/2019,75074,0.960487
20/08/2019,75091,0.965162
21/08/2019,75850,0.956798
22/08/2019,75875,0.958948
23/08/2019,76002,0.964014
24/08/2019,75391,0.929763
25/08/2019,74378,0.954309
26/08/2019,74612,0.957716
27/08/2019,76962,0.943944
28/08/2019,76875,0.954092
29/08/2019,75414,0.965212
30/08/2019,78594,0.963637
31/08/2019,79051,0.927821
01/09/2019,75299,0.953447
02/09/2019,75137,0.958432
03/09/2019,73051,0.963027
04/09/2019,72811,0.956797
05/09/2019,73726,0.95922
06/09/2019,73128,0.964557
07/09/2019,72522,0.961601
08/09/2019,72103,0.948969
09/09/2019,72455,0.957418
10/09/2019,74700,0.961101
11/09/2019,72565,0.958678
12/09/2019,71498,0.959982
13/09/2019,69968,0.961141
14/09/2019,69059,0.964895
15/09/2019,68028,0.967049
16/09/2019,70791,0.96933
17/09/2019,73443,0.976935
18/09/2019,73093,0.953274
19/09/2019,72690,0.959891
20/09/2019,72505,0.955612
21/09/2019,70819,0.957963
22/09/2019,70170,0.958969
23/09/2019,69216,0.961736
24/09/2019,71034,0.930586
25/09/2019,71249,0.951398
26/09/2019,71334,0.958168
27/09/2019,69922,0.95392
28/09/2019,71041,0.944196
29/09/2019,73785,0.952951
30/09/2019,70907,0.967444
01/10/2019,74308,0.959074
02/10/2019,73946,0.955375
03/10/2019,74284,0.944522
04/10/2019,75606,0.958413
05/10/2019,73667,0.952492
06/10/2019,73310,0.955326
07/10/2019,70543,0.958499
08/10/2019,69660,0.968504
09/10/2019,66245,0.996437
10/10/2019,66814,0.97077
11/10/2019,66348,0.975243
12/10/2019,66299,0.98203
13/10/2019,65211,0.979946
14/10/2019,65327,0.979369
15/10/2019,65852,0.973224
16/10/2019,66060,0.977974
17/10/2019,66206,0.968455
18/10/2019,66194,0.97553
19/10/2019,66123,0.970447
20/10/2019,65006,0.98629
21/10/2019,65569,0.973827
22/10/2019,66681,0.973488
23/10/2019,66620,0.97471
24/10/2019,68005,0.974319
25/10/2019,65653,0.975932
26/10/2019,65635,0.977479
27/10/2019,65726,0.979636
28/10/2019,65906,0.978954
29/10/2019,66301,0.984048
30/10/2019,67021,0.97862
31/10/2019,67146,0.983477
01/11/2019,66813,0.972614
02/11/2019,66174,0.979361
03/11/2019,64739,0.982383
04/11/2019,65754,0.986292
05/11/2019,64751,0.993937
06/11/2019,64788,0.976851
07/11/2019,65005,0.980163
08/11/2019,65056,0.981377
09/11/2019,64534,0.980571
10/11/2019,64233,0.985429
11/11/2019,64770,0.979369
12/11/2019,64848,0.97705
13/11/2019,64538,0.972663
14/11/2019,64122,0.975016
15/11/2019,64164,0.971675
16/11/2019,63540,0.964013
17/11/2019,62762,0.966256
18/11/2019,63146,0.969941
19/11/2019,63012,0.966599
20/11/2019,63641,0.96971
21/11/2019,62803,0.97548
22/11/2019,62804,0.976105
23/11/2019,62933,0.981708
24/11/2019,62068,0.977414
25/11/2019,61146,0.981882
26/11/2019,60341,0.976617
27/11/2019,60619,0.986018
28/11/2019,62017,0.982697
29/11/2019,61672,0.978331
30/11/2019,60901,0.97972
01/12/2019,59263,0.982129
02/12/2019,61858,0.978516
03/12/2019,62593,0.974664
04/12/2019,62417,0.964545
05/12/2019,62508,0.974243
06/12/2019,63144,0.978924
07/12/2019,63598,0.980788
08/12/2019,62399,0.975671
09/12/2019,63066,0.966716
10/12/2019,64727,0.965239
11/12/2019,66530,0.970754
12/12/2019,64801,0.974795
13/12/2019,63987,0.980882
14/12/2019,64705,0.975966
15/12/2019,63087,0.973689
16/12/2019,64267,0.982575
17/12/2019,65412,0.973102
18/12/2019,64456,0.979675
19/12/2019,65447,0.979266
20/12/2019,68120,0.955901
21/12/2019,65984,0.962979
22/12/2019,64686,0.974659
23/12/2019,64837,0.980627
24/12/2019,65528,0.962286
25/12/2019,64703,0.976945
26/12/2019,65284,0.976872
27/12/2019,64724,0.978517
28/12/2019,63769,0.974964
29/12/2019,63700,0.974086
30/12/2019,63525,0.974994
31/12/2019,62693,0.97254
01/01/2020,62394,0.986898
02/01/2020,63607,0.980958
03/01/2020,63929,0.978509
04/01/2020,63996,0.981406
05/01/2020,63856,0.978643
06/01/2020,63830,0.964882
07/01/2020,64296,0.97118
08/01/2020,64989,0.976914
09/01/2020,64117,0.976198
10/01/2020,63944,0.972484
11/01/2020,65659,0.988245
12/01/2020,66249,0.970232
13/01/2020,66539,0.98089
14/01/2020,66810,0.978693
15/01/2020,66636,0.981431
16/01/2020,67351,0.98493
17/01/2020,66781,0.982557
18/01/2020,66378,0.980389
19/01/2020,67347,0.978414
20/01/2020,69674,0.96982
21/01/2020,70325,0.976222
22/01/2020,70729,0.980132
23/01/2020,69653,0.976607
24/01/2020,69624,0.982757
25/01/2020,69172,0.985397
26/01/2020,68552,0.976796
27/01/2020,69933,0.987843
28/01/2020,71305,0.977305
29/01/2020,73180,0.978492
30/01/2020,71453,0.97861
31/01/2020,75847,0.969482
01/02/2020,77786,0.963676
02/02/2020,85158,0.968439
03/02/2020,79341,0.980252
04/02/2020,77244,0.972216
05/02/2020,79915,0.937495
06/02/2020,80407,0.958832
07/02/2020,84007,0.982053
08/02/2020,87598,0.971241
09/02/2020,92385,0.949664
10/02/2020,91474,0.971606
11/02/2020,90750,0.978814
12/02/2020,90610,0.980338
13/02/2020,90690,0.979627
14/02/2020,90892,0.972368
15/02/2020,90878,0.981547
16/02/2020,90942,0.972804
17/02/2020,90817,0.982195
18/02/2020,92705,0.979347
19/02/2020,91535,0.975279
20/02/2020,99952,0.979919
21/02/2020,107182,0.97782
22/02/2020,89654,0.976879
23/02/2020,75140,0.969786
24/02/2020,69653,0.969575
25/02/2020,69969,0.976086
26/02/2020,74193,0.977508
27/02/2020,75481,0.985264
28/02/2020,75422,0.98581
29/02/2020,75466,0.979114
01/03/2020,75589,0.976914
02/03/2020,75166,1.015135
03/03/2020,76621,0.994263
04/03/2020,79536,0.969225
05/03/2020,79850,0.969423
06/03/2020,78884,0.977944
07/03/2020,78498,0.971501
08/03/2020,78696,0.976292
09/03/2020,78638,0.981272
10/03/2020,79228,0.97897
11/03/2020,78953,0.977595
12/03/2020,79022,1.002253
13/03/2020,82396,0.976795
14/03/2020,84805,0.972319
15/03/2020,85498,0.983574
16/03/2020,83649,0.972538
17/03/2020,83567,0.976307
18/03/2020,83069,0.969558
19/03/2020,82555,0.955809
20/03/2020,79226,0.936095
21/03/2020,76945,0.970002
22/03/2020,77769,0.972279
23/03/2020,80292,0.972668
24/03/2020,82185,0.951799
25/03/2020,80429,0.965227
26/03/2020,80166,0.948613
27/03/2020,83255,0.975341
28/03/2020,85140,0.978596
29/03/2020,86668,0.972364
30/03/2020,90042,0.973449
31/03/2020,96843,0.99252
01/04/2020,95159,0.991641
02/04/2020,93893,0.971822
03/04/2020,93802,0.988057
04/04/2020,94262,0.956692
05/04/2020,101108,0.963248
06/04/2020,104285,0.969333
07/04/2020,103470,0.97168
08/04/2020,104722,0.980875
09/04/2020,105389,0.979702
10/04/2020,106516,0.958654
11/04/2020,108150,0.919984
12/04/2020,108151,0.971939
13/04/2020,108806,0.968585
14/04/2020,109690,0.971923
15/04/2020,110484,0.966723
16/04/2020,117823,0.983179
17/04/2020,129786,0.980528
18/04/2020,132668,0.961023
19/04/2020,144231,0.969507
20/04/2020,145438,0.966119
21/04/2020,146355,0.967446
22/04/2020,146119,0.960362
23/04/2020,145033,0.974451
24/04/2020,145001,0.974834
25/04/2020,148126,0.971068
26/04/2020,148811,0.974477
27/04/2020,152129,0.984323
28/04/2020,164207,0.975881
29/04/2020,169033,0.973418
30/04/2020,171803,0.97155
01/05/2020,193750,0.965466
02/05/2020,192907,0.969977
03/05/2020,190700,0.970222
04/05/2020,191390,0.969631
05/05/2020,192804,0.975713
06/05/2020,200940,0.978129
07/05/2020,216350,0.975762
08/05/2020,225566,0.974785
09/05/2020,232223,0.96546
10/05/2020,231902,0.966945
11/05/2020,232398,0.976383
12/05/2020,231517,0.973495
13/05/2020,223789,0.972921
14/05/2020,226088,0.960915
15/05/2020,220900,0.974971
16/05/2020,203642,0.95939
17/05/2020,202571,0.939717
18/05/2020,201959,0.960735
19/05/2020,199337,0.968698
20/05/2020,197525,0.95905
21/05/2020,195399,0.963624
22/05/2020,193906,0.95594
23/05/2020,197282,0.972257
24/05/2020,216716,0.963818
25/05/2020,218802,0.955569
26/05/2020,218251,0.959
27/05/2020,218520,0.968445
28/05/2020,197376,0.968464
29/05/2020,174772,0.968547
30/05/2020,174469,0.978273
31/05/2020,175056,0.983051
01/06/2020,178940,0.97602
02/06/2020,178745,0.974972
03/06/2020,179699,0.987794
04/06/2020,179617,0.975514
05/06/2020,180096,0.976474
06/06/2020,178887,0.977007
07/06/2020,179221,0.973267
08/06/2020,180015,0.966661
09/06/2020,179911,0.973331
10/06/2020,180676,0.961426
11/06/2020,180974,0.959295
12/06/2020,183345,0.972679
13/06/2020,182735,0.97628
14/06/2020,181813,0.972268
15/06/2020,183397,0.967336
16/06/2020,184280,0.967954
17/06/2020,183420,0.961838
18/06/2020,183362,0.970443
19/06/2020,182837,0.980997
20/06/2020,181387,0.974373
21/06/2020,180468,0.964307
22/06/2020,181603,0.977411
23/06/2020,186511,0.959949
24/06/2020,185501,0.974603
25/06/2020,182118,0.970211
26/06/2020,180679,0.962344
27/06/2020,179359,0.958603
28/06/2020,176776,0.969303
29/06/2020,177590,0.97683
30/06/2020,178441,0.966723
01/07/2020,178391,0.971961
02/07/2020,178601,0.969135
03/07/2020,178760,0.975896
04/07/2020,178717,0.973501
05/07/2020,177929,0.970549
06/07/2020,179228,0.975842
07/07/2020,184977,0.983129
08/07/2020,184598,0.97352
09/07/2020,185785,0.977092
10/07/2020,184986,0.973969
11/07/2020,182945,0.951916
12/07/2020,185518,0.971424
13/07/2020,185916,0.973336
14/07/2020,188604,0.930133
15/07/2020,188671,0.963503
16/07/2020,185782,0.956988
17/07/2020,185740,0.980288
18/07/2020,188188,0.941726
19/07/2020,186595,0.969475
20/07/2020,186302,0.96856
21/07/2020,192836,0.972936
22/07/2020,198812,0.953315
23/07/2020,195048,0.973503
24/07/2020,193420,0.977117
25/07/2020,188560,0.979841
26/07/2020,186194,0.974226
27/07/2020,185864,0.981564
28/07/2020,184495,0.976921
29/07/2020,186135,0.966381
30/07/2020,186368,0.977743
31/07/2020,186160,0.956425
01/08/2020,186405,0.969095
02/08/2020,185124,0.972296
03/08/2020,184226,0.968666
04/08/2020,179367,0.964979
05/08/2020,176031,0.969606
06/08/2020,176637,0.978039
07/08/2020,176784,0.971708
08/08/2020,175205,0.983948
09/08/2020,176733,0.977852
10/08/2020,177749,0.96772
11/08/2020,172382,0.976191
12/08/2020,171875,0.984011
13/08/2020,183742,0.98143
14/08/2020,185771,0.968799
15/08/2020,185130,0.968752
16/08/2020,184074,0.980426
17/08/2020,185678,0.980035
18/08/2020,184075,0.980937
19/08/2020,179216,0.987558
20/08/2020,184965,0.971316
21/08/2020,185633,0.967607
22/08/2020,184577,0.974421
23/08/2020,184101,0.979604
24/08/2020,185683,0.955884
25/08/2020,184381,0.979796
26/08/2020,184380,0.964527
27/08/2020,179458,0.973087
28/08/2020,177644,0.955068
29/08/2020,178928,0.970361
30/08/2020,180369,0.962693
31/08/2020,178009,0.936574
01/09/2020,176206,0.962529
02/09/2020,178445,0.967037
03/09/2020,178870,0.962695
04/09/2020,179601,0.974062
05/09/2020,168866,0.97228
06/09/2020,163302,0.970691
07/09/2020,164258,0.975564
08/09/2020,164057,0.957835
09/09/2020,164454,0.943629
10/09/2020,166722,0.969882
11/09/2020,168395,0.974472
12/09/2020,167565,0.975024
13/09/2020,169198,0.975647
14/09/2020,168537,0.986099
15/09/2020,167306,0.96905
16/09/2020,168383,0.963925
17/09/2020,170202,0.935871
18/09/2020,169541,0.946894
19/09/2020,168234,0.973699
20/09/2020,168735,0.967611
21/09/2020,174719,0.955115
22/09/2020,172807,0.959468
23/09/2020,169637,0.958212
24/09/2020,168370,0.971371
25/09/2020,167304,0.975647
26/09/2020,167470,0.980411
27/09/2020,170109,0.961255
28/09/2020,175984,0.958999
29/09/2020,177410,0.983002
30/09/2020,173103,0.942299
01/10/2020,171890,0.969097
02/10/2020,173384,0.979057
03/10/2020,173616,0.973118
04/10/2020,171802,0.975483
05/10/2020,172761,0.974835
06/10/2020,173193,0.975267
07/10/2020,171703,0.967745
08/10/2020,170240,0.978449
09/10/2020,170320,0.977292
10/10/2020,169683,0.968431
11/10/2020,169041,0.974584
12/10/2020,170175,0.967865
13/10/2020,171100,0.968577
14/10/2020,171094,0.963767
15/10/2020,170321,0.973243
16/10/2020,168183,0.969448
17/10/2020,168150,0.952655
18/10/2020,172110,0.963478
19/10/2020,173462,0.978365
20/10/2020,174824,0.970808
21/10/2020,175970,0.965968
22/10/2020,174604,0.976708
23/10/2020,173467,0.974521
24/10/2020,176068,0.975175
25/10/2020,176930,0.966078
26/10/2020,176710,0.980032
27/10/2020,176292,0.981415
28/10/2020,174165,0.979232
29/10/2020,173416,0.968403
30/10/2020,175363,0.981674
31/10/2020,174874,0.977157
01/11/2020,174865,0.953868
02/11/2020,175832,0.956053
03/11/2020,177604,0.96431
04/11/2020,182147,0.971578
05/11/2020,185863,0.965884
06/11/2020,178948,0.965498
07/11/2020,175465,0.977506
08/11/2020,175715,0.98036
09/11/2020,175736,0.975554
10/11/2020,175450,0.97082
11/11/2020,173223,0.956718
12/11/2020,173146,0.970516
13/11/2020,173519,0.974104
14/11/2020,173159,0.986116
15/11/2020,173755,0.943948
16/11/2020,173697,0.959687
17/11/2020,173731,0.965859
18/11/2020,173865,0.96945
19/11/2020,176097,0.954148
20/11/2020,174932,0.976323
21/11/2020,172811,0.952279
22/11/2020,174280,0.967698
23/11/2020,174098,0.968931
24/11/2020,172813,0.975292
25/11/2020,170833,0.976232
26/11/2020,171135,0.990084
27/11/2020,170440,0.977675
28/11/2020,171101,0.968735
29/11/2020,171844,0.977696
30/11/2020,173689,0.961556
01/12/2020,175113,0.95803
02/12/2020,175686,0.96566
03/12/2020,172598,0.969911
04/12/2020,173024,0.960001
05/12/2020,175155,0.97312
06/12/2020,176884,0.964489
07/12/2020,176971,0.962388
08/12/2020,177302,0.962305
09/12/2020,177927,0.969772
10/12/2020,177613,0.966834
11/12/2020,173660,0.963181
12/12/2020,170191,0.973742
13/12/2020,173175,0.978453
14/12/2020,177891,0.960732
15/12/2020,176474,0.975705
16/12/2020,175767,0.9759
17/12/2020,176151,0.965162
18/12/2020,177149,0.974185
19/12/2020,176762,0.957051
20/12/2020,176585,0.969476
21/12/2020,176675,0.982086
22/12/2020,176601,0.972175
23/12/2020,176020,0.974373
24/12/2020,175672,0.977201
25/12/2020,175075,0.979649
26/12/2020,175743,0.979244
27/12/2020,174973,0.967101
28/12/2020,175168,0.978724
29/12/2020,174687,0.975439
30/12/2020,171882,0.977346
31/12/2020,171307,0.976933
01/01/2021,171293,0.979877
02/01/2021,174044,0.967231
03/01/2021,175927,0.962448
04/01/2021,175558,0.972892
05/01/2021,173898,0.96293
06/01/2021,174863,0.968883
07/01/2021,174561,0.978111
08/01/2021,173446,0.972963
09/01/2021,173444,0.971127
10/01/2021,169942,0.96027
11/01/2021,159288,0.971739
12/01/2021,162660,0.995356
13/01/2021,174396,0.977861
14/01/2021,174901,0.963173
15/01/2021,175645,0.974227
16/01/2021,175349,0.968403
17/01/2021,174934,0.972353
18/01/2021,175139,0.978838
19/01/2021,178109,0.987089
20/01/2021,177832,0.985918
21/01/2021,176049,1.012268
22/01/2021,174336,0.971354
23/01/2021,176193,1.000672
24/01/2021,177704,0.986586
25/01/2021,175412,0.982239
26/01/2021,175773,0.969965
27/01/2021,174963,0.956934
28/01/2021,182895,1.011746
29/01/2021,190526,1.093106
30/01/2021,198025,0.990392
31/01/2021,175857,0.971135
01/02/2021,175812,0.97246
02/02/2021,175209,0.969271
03/02/2021,175883,0.949631
04/02/2021,177468,0.952321
05/02/2021,174804,0.99256
06/02/2021,184641,1.014827
07/02/2021,174445,0.963366
08/02/2021,177285,0.995188
09/02/2021,190491,1.027693
10/02/2021,189952,1.024818
11/02/2021,176327,0.970211
12/02/2021,177891,1.017743
13/02/2021,174837,0.979702
14/02/2021,178738,0.980261
15/02/2021,180765,1.001956
16/02/2021,172420,0.966043
17/02/2021,174342,0.953253
18/02/2021,174155,0.959798
19/02/2021,174546,0.964788
20/02/2021,174548,0.954015
21/02/2021,177385,0.95146
22/02/2021,174905,0.973241
23/02/2021,172422,0.974522
24/02/2021,172570,0.969957
25/02/2021,172379,0.974748
26/02/2021,169883,0.983698
27/02/2021,169763,0.972516
28/02/2021,169563,0.970369
01/03/2021,171461,0.965351
02/03/2021,170454,0.985089
03/03/2021,172193,0.980175
04/03/2021,169357,0.974496
05/03/2021,168800,0.974615
06/03/2021,169927,0.984514
07/03/2021,167821,0.974782
08/03/2021,167791,0.976327
09/03/2021,183161,0.971924
10/03/2021,176402,0.96797
11/03/2021,168489,0.962984
12/03/2021,167532,0.979836
13/03/2021,167758,0.974416
14/03/2021,168666,0.975015
15/03/2021,176074,0.993238
16/03/2021,174094,0.989787
17/03/2021,171744,0.935802
18/03/2021,170841,0.94375
19/03/2021,175616,0.936604
20/03/2021,177055,0.920325
21/03/2021,179385,0.929062
22/03/2021,178133,0.95884
23/03/2021,179267,0.973628
24/03/2021,176830,0.961605
25/03/2021,178237,0.962835
26/03/2021,177851,0.958276
27/03/2021,176950,0.969787
28/03/2021,171359,0.925203
29/03/2021,167878,0.969324
30/03/2021,169606,0.974724
31/03/2021,170364,0.961071
01/04/2021,172026,0.94423
02/04/2021,167253,0.974442
03/04/2021,166673,0.97463
04/04/2021,166149,0.969304
05/04/2021,167016,0.959155
06/04/2021,167918,0.962281
07/04/2021,168058,0.966841
08/04/2021,168343,0.966244
09/04/2021,167804,0.96662
10/04/2021,167573,0.972694
11/04/2021,167853,0.97333
12/04/2021,167813,0.962621
13/04/2021,168537,0.963832
14/04/2021,167192,0.968252
15/04/2021,168127,0.969833
16/04/2021,166892,0.961009
17/04/2021,167732,0.965622
18/04/2021,166813,0.963013
19/04/2021,167564,0.969012
20/04/2021,167478,0.966364
21/04/2021,166005,0.953813
22/04/2021,166201,0.960332
23/04/2021,165887,0.969764
24/04/2021,165322,0.970593
25/04/2021,166082,0.973969
26/04/2021,166650,0.972187
27/04/2021,167319,0.967281
28/04/2021,165804,0.969511
29/04/2021,165514,0.971141
30/04/2021,166133,0.971863
01/05/2021,172387,0.988975
02/05/2021,167683,0.9809
03/05/2021,164791,0.976136
04/05/2021,166007,0.972964
05/05/2021,166844,0.979271
06/05/2021,165724,0.974897
07/05/2021,164796,0.968271
08/05/2021,164396,0.967349
09/05/2021,164307,0.969989
10/05/2021,164647,0.966769
11/05/2021,165696,0.965129
12/05/2021,165688,0.957902
13/05/2021,164647,0.963784
14/05/2021,163728,0.967235
15/05/2021,163337,0.967177
16/05/2021,162928,0.96553
17/05/2021,161904,0.964357
18/05/2021,163039,0.970115
19/05/2021,163818,0.961858
20/05/2021,163360,0.927523
21/05/2021,161080,0.94978
22/05/2021,161271,0.958847
23/05/2021,161600,0.963488
24/05/2021,164763,0.941615
25/05/2021,163059,0.962665
26/05/2021,161856,0.963168
27/05/2021,161571,0.963214
28/05/2021,162242,0.973833
29/05/2021,160928,0.970994
30/05/2021,162162,0.968609
31/05/2021,162393,0.972108
01/06/2021,162432,0.970893
02/06/2021,161068,0.964961
03/06/2021,161779,0.96583
04/06/2021,163106,0.955217
05/06/2021,160818,0.957474
06/06/2021,160787,0.973481
07/06/2021,161423,0.965029
08/06/2021,162147,0.976365
09/06/2021,163731,0.974064
10/06/2021,160388,0.974083
11/06/2021,159715,0.974287
12/06/2021,161553,0.98204
13/06/2021,160604,0.96729
14/06/2021,161825,0.965523
15/06/2021,161291,0.974754
16/06/2021,160279,0.976329
17/06/2021,160487,0.967633
18/06/2021,158737,0.977593
19/06/2021,157537,0.939476
20/06/2021,155975,0.946435
21/06/2021,157155,0.946833
22/06/2021,159293,0.975613
23/06/2021,161893,0.945553
24/06/2021,160982,0.94618
25/06/2021,159751,0.97169
26/06/2021,160512,0.975812
27/06/2021,158196,0.969064
28/06/2021,158898,0.971888
29/06/2021,158539,0.954129
30/06/2021,155302,0.960573
01/07/2021,157700,0.981549
02/07/2021,154791,0.970519
03/07/2021,155223,0.968852
04/07/2021,156919,0.956304
05/07/2021,156073,0.975074
06/07/2021,157343,0.955203
07/07/2021,155787,0.964753
08/07/2021,156755,0.968408
09/07/2021,156221,0.972226
10/07/2021,155334,0.980706
11/07/2021,155173,0.978611
12/07/2021,154452,0.9833
13/07/2021,151602,0.978194
14/07/2021,148770,0.969186
15/07/2021,147922,0.978045
16/07/2021,147507,0.978515
17/07/2021,146445,0.987463
18/07/2021,146319,0.979918
19/07/2021,147555,0.974779
20/07/2021,148287,0.971917
21/07/2021,146140,0.972384
22/07/2021,146363,0.963518
23/07/2021,145843,0.972283
24/07/2021,145788,0.97677
25/07/2021,146000,0.976443
26/07/2021,146053,0.963455
27/07/2021,146372,0.978771
28/07/2021,146418,0.97491
29/07/2021,145817,0.969786
30/07/2021,145206,0.978315
31/07/2021,144766,0.972553
01/08/2021,144468,0.971327
02/08/2021,143850,0.978179
03/08/2021,144731,0.955888
04/08/2021,144202,0.963018
05/08/2021,140901,0.97077
06/08/2021,141459,0.964502
07/08/2021,144010,0.981134
08/08/2021,143464,0.979901
09/08/2021,145023,0.968239
10/08/2021,145236,0.972625
11/08/2021,144304,0.970011
12/08/2021,143989,0.980405
13/08/2021,143833,0.979505
14/08/2021,143556,0.974783
15/08/2021,143578,0.980974
16/08/2021,142514,0.972977
17/08/2021,141980,0.970986
18/08/2021,143995,0.927521
19/08/2021,144807,0.946533
20/08/2021,145188,0.956151
21/08/2021,144103,0.962027
22/08/2021,145300,0.946577
23/08/2021,145506,0.950487
24/08/2021,144581,0.945191
25/08/2021,144838,0.935439
26/08/2021,144573,0.93452
27/08/2021,142908,0.968391
28/08/2021,144155,0.961747
29/08/2021,143555,0.976753
30/08/2021,142340,0.977585
31/08/2021,143862,0.968723
01/09/2021,143188,0.988546
02/09/2021,138752,0.969039
03/09/2021,136795,0.966122
04/09/2021,136038,0.969469
05/09/2021,136229,0.97637
06/09/2021,137018,0.971608
07/09/2021,138451,0.974592
08/09/2021,136505,0.970328
09/09/2021,135979,0.96859
10/09/2021,136497,0.958618
11/09/2021,137156,0.931841
12/09/2021,136071,0.967809
13/09/2021,137078,0.969706
14/09/2021,135540,0.972358
15/09/2021,133454,0.962662
16/09/2021,133598,0.97556
17/09/2021,132789,0.952864
18/09/2021,133522,0.96988
19/09/2021,136707,0.980744
20/09/2021,140823,0.974686
21/09/2021,137437,0.963486
22/09/2021,136052,0.959984
23/09/2021,135034,0.961076
24/09/2021,135679,0.96775
25/09/2021,136033,0.963027
26/09/2021,135660,0.970212
27/09/2021,136085,0.96633
28/09/2021,136202,0.965337
29/09/2021,134858,0.960056
30/09/2021,135060,0.961321
01/10/2021,134768,0.965297
